INSERT INTO cities (id,name) VALUES
(24,'HA NOI');

INSERT INTO locations (title, address, latitude, longitude, rating, rating_count, category, phone_number, website, cid,city_id) VALUES
('Hoàn Kiếm Lake', 'Hang Trong, Hoàn Kiếm, Hanoi', 21.028666899999997, 105.85214839999999, 4.7, 9700, 'Lake', NULL, NULL, '124622409024774670',24),
('Ho Chi Minh''s Mausoleum', '1 Hùng Vương, Điện Biên, Ba Đình, Hà Nội', 21.0368973, 105.83466670000001, 4.5, 18000, 'Historical landmark', NULL, 'https://www.bqllang.gov.vn/', '7065731937148685644',24),
('Temple Of Literature', '58 P. Quốc Tử Giám, Văn Miếu, Đống Đa, Hà Nội', 21.0281175, 105.8356692, 4.6, 15000, 'Place of worship', '024 3845 2917', 'http://vanmieu.gov.vn/', '6345017207668727582',24),
('One Pillar Pagoda', '2RPM 8CX, P. Chùa Một Cột, Đội Cấn, Ba Đình, Hà Nội 100000', 21.0358515, 105.83362029999999, 4.3, 7200, 'Buddhist temple', NULL, NULL, '15845693668219404974',24),
('West Lake', 'Tây Hồ, Hanoi', 21.053238, 105.82609430000001, 4.7, 4900, 'Lake', NULL, NULL, '5488929734428107739',24),
('Vietnam Museum of Ethnology', 'Đ. Nguyễn Văn Huyên, Quan Hoa, Cầu Giấy, Hà Nội 100000', 21.040342199999998, 105.7987354, 4.5, 13000, 'Ethnographic museum', '024 3756 2193', 'http://www.vme.org.vn/', '5172754411353020956',24),
('Hoa Lo Prison', '1 P. Hoả Lò, Trần Hưng Đạo, Hoàn Kiếm, Hà Nội', 21.0253297, 105.8464781, 4.5, 15000, 'History museum', '0825 112 668', 'https://hoalo.vn/', '10881225616060952404',24),
('Thang Long Water Puppet Theatre', '57B P. Đinh Tiên Hoàng, Hàng Bạc, Hoàn Kiếm, Hà Nội', 21.0316826, 105.8533466, 4.3, 16000, 'Puppet theater', '024 3824 9494', 'https://nhahatmuaroithanglong.vn/', '5647135313407683868',24),
('Tran Quoc Pagoda', '46 Đ. Thanh Niên, Yên Phụ, Tây Hồ, Hà Nội', 21.0478523, 105.8367347, 4.4, 12000, 'Buddhist temple', NULL, NULL, '8537321010862041966',24),
('St. Joseph Cathedral', '40 P. Nhà Chung, Hàng Trống, Hoàn Kiếm, Hà Nội 10000', 21.028663599999998, 105.848878, 4.7, 4100, 'Catholic cathedral', NULL, 'https://www.hanoibigchurch.com/', '10427370394078927246',24),
('Ngoc Son Temple', '2VJ2 7XC, P. Đinh Tiên Hoàng, Hàng Trống, Hoàn Kiếm, Hà Nội 100000', 21.030688899999998, 105.85240069999999, 4.4, 9300, 'Tourist attraction', NULL, NULL, '13485772812094420765',24),
('Hanoi Opera House', '1 Tràng Tiền, Phan Chu Trinh, Hoàn Kiếm, Hà Nội', 21.024165099999998, 105.85790349999999, 4.6, 19000, 'Opera house', '024 3933 0113', 'http://hanoioperahouse.org.vn/', '7240365436428127531',24),
('Đồng Xuân Market', 'Đồng Xuân, Hoàn Kiếm, Hà Nội 100000', 21.0381434, 105.8500387, NULL, NULL, 'Building', NULL, 'http://www.dongxuanmarket.com.vn/?lang=en', '15699254198429423590',24),
('Long Bien Bridge', '6 P. Nguyễn Hoàng, Mỹ Đình, Nam Từ Liêm, Hà Nội 100000', 21.02996, 105.77647309999999, 4.2, 1800, 'Karaoke bar', '0762 159 688', 'https://be.com.vn/', '10494638989424401270',24),
('Imperial Citadel of Thang Long', '19c Hoàng Diệu, Điện Biên, Ba Đình, Hà Nội 100000', 21.0352231, 105.8402594, 4.4, 15000, 'Historical landmark', '024 3734 5427', 'https://hoangthanhthanglong.vn/', '13051897747951069495',24),
('Huong Pagoda', 'Hương Sơn, Mỹ Đức, Hà Nội 100000', 20.6185267, 105.7471808, 4.4, 5300, 'Buddhist temple', NULL, NULL, '824903679028854004',24),
('Vietnam Military History Museum', 'Km6 500, CT03, Tây Mỗ, Nam Từ Liêm, Hà Nội', 21.0102762, 105.7541035, 4.2, 5900, 'Army museum', '024 6253 1367', NULL, '12006859623440621745',24),
('Train street', 'Ng. 224 Lê Duẩn, Đống Đa, Hà Nội', 21.0175856, 105.8409306, NULL, NULL, 'Hanoi', NULL, NULL, '7743372177272489738',24),
('Lotte Center HàNội', 'Ba Đình, Hà Nội', 21.0318905, 105.81201370000001, NULL, NULL, 'Building', NULL, NULL, '11189164583232591055',24),
('Vietnam National Fine Arts Museum', '66 P. Nguyễn Thái Học, Điện Biên, Ba Đình, Hà Nội', 21.030655, 105.83706409999999, 4.5, 3500, 'Art museum', '024 3823 3084', 'https://vnfam.vn/', '18249183290323938382',24),
('Quảng Bá Flower Market', '236 Đ. Âu Cơ, Quảng An, Hoàn Kiếm, Hà Nội 100000', 21.0676332, 105.827398, 4.3, 13, 'Hanoi', NULL, NULL, '12324882789392644836',24),
('Trúc Bạch Lake', 'Ba Đình, Hanoi', 21.0455322, 105.83857049999999, 4.4, 253, 'Lake', NULL, NULL, '12367823865246143413',24),
('Bach Ma Temple', '76 P. Hàng Buồm, Hàng Buồm, Hoàn Kiếm, Hà Nội', 21.035782599999997, 105.8510084, 4.4, 1000, 'Place of worship', NULL, NULL, '64862257157964907',24);


INSERT INTO terms (id,name) VALUES
(1,'MORNING'),
(2,'AFTERNOON'),
(3,'EVENING');


INSERT INTO activities (name, type, duration, price, location_id) VALUES
('Sightseeing at Hoàn Kiếm Lake', 'Nature', 2, 0, 1),  -- Free, 2-hour visit for sightseeing
('Visit to Ho Chi Minh''s Mausoleum', 'History_Culture', 2, 25000, 2),  -- 2 hours, moderate entry fee
('Explore the Temple of Literature', 'History_Culture', 2, 30000, 3),  -- 2 hours, typical entry fee
('Tour of One Pillar Pagoda', 'History_Culture', 2, 20000, 4),  -- 2 hours, low entry fee
('Leisure at West Lake', 'Nature', 2, 0, 5),  -- Free, 2-hour visit for sightseeing
('Visit the Vietnam Museum of Ethnology', 'History_Culture', 4, 40000, 6),  -- 4 hours, entry fee
('Explore Hoa Lo Prison', 'History_Culture', 2, 30000, 7),  -- 2 hours, moderate entry fee
('Watch a Show at Thang Long Water Puppet Theatre', 'History_Culture', 2, 100000, 8),  -- 2 hours, ticket for show
('Visit Tran Quoc Pagoda', 'History_Culture', 2, 20000, 9),  -- 2 hours, small entry fee
('Short Visit to St. Joseph Cathedral', 'History_Culture', 1, 0, 10),  -- Free to visit, short visit
('Explore Ngoc Son Temple', 'History_Culture', 2, 30000, 11),  -- 2 hours, entry fee
('Tour of Hanoi Opera House', 'History_Culture', 4, 150000, 12),  -- 4 hours, performance or tour
('Shopping at Đồng Xuân Market', 'Shopping', 2, 0, 13),  -- Free, 2-hour market visit
('Sightseeing at Long Bien Bridge', 'History_Culture', 2, 0, 14),  -- Free, 2-hour visit for sightseeing
('Explore Imperial Citadel of Thang Long', 'History_Culture', 4, 60000, 15),  -- 4 hours, entry fee
('Visit Huong Pagoda', 'History_Culture', 4, 80000, 16),  -- 4 hours, entry fee
('Tour of Vietnam Military History Museum', 'History_Culture', 2, 30000, 17),  -- 2 hours, entry fee
('Quick Visit to Watch Train Street', 'History_Culture', 1, 0, 18),  -- No charge, quick visit
('Shopping at Lotte Center Hà Nội', 'Shopping', 2, 0, 19),  -- Free entry, 2-hour shopping trip
('Explore Vietnam National Fine Arts Museum', 'History_Culture', 2, 40000, 20),  -- 2 hours, moderate entry fee
('Visit Quảng Bá Flower Market', 'Shopping', 2, 0, 21),  -- Free, 2-hour visit for sightseeing
('Leisure at Trúc Bạch Lake', 'Nature', 2, 0, 22),  -- Free, 2-hour sightseeing
('Visit Bach Ma Temple', 'History_Culture', 2, 20000, 23);


INSERT INTO activity_terms (activity_id, term_id) VALUES
(1, 1),  -- Hoàn Kiếm Lake (Morning)
(1, 2),  -- Hoàn Kiếm Lake (Afternoon)
(1,3),  -- Hoàn Kiếm Lake (Evening)
(2, 1),  -- Ho Chi Minh's Mausoleum (Morning)
(2, 2),  -- Ho Chi Minh's Mausoleum (Afternoon)
(3, 1),  -- Temple Of Literature (Morning)
(3, 2),  -- Temple Of Literature (Afternoon)
(4, 1),  -- One Pillar Pagoda (Morning)
(4, 2),  -- One Pillar Pagoda (Afternoon)
(5, 1),  -- West Lake (Morning)
(5, 2),  -- West Lake (Afternoon)
(5,3),  -- West Lake (Evening)
(6, 1),  -- Vietnam Museum of Ethnology (Morning)
(6, 2),  -- Vietnam Museum of Ethnology (Afternoon)
(7, 1),  -- Hoa Lo Prison (Morning)
(7, 2),  -- Hoa Lo Prison (Afternoon)
(8, 1),  -- Thang Long Water Puppet Theatre (Morning)
(8, 2),  -- Thang Long Water Puppet Theatre (Afternoon)
(8,3),   -- Thang Long Water Puppet Theatre (Evening)
(9, 1),  -- Tran Quoc Pagoda (Morning)
(9, 2),  -- Tran Quoc Pagoda (Afternoon)
(10, 1),  -- St. Joseph Cathedral (Morning)
(10, 2),  -- St. Joseph Cathedral (Afternoon)
(10,3), -- St. Joseph Cathedral (Evening)
(11, 1),  -- Ngoc Son Temple (Morning)
(11, 2),  -- Ngoc Son Temple (Afternoon)
(12, 1),  -- Hanoi Opera House (Morning)
(12, 2),  -- Hanoi Opera House (Afternoon)
(13, 1),  -- Đồng Xuân Market (Morning)
(13, 2),  -- Đồng Xuân Market (Afternoon)
(14, 1),  -- Long Bien Bridge (Morning)
(14, 2),  -- Long Bien Bridge (Afternoon)
(15, 1),  -- Imperial Citadel of Thang Long (Morning)
(15, 2),  -- Imperial Citadel of Thang Long (Afternoon)
(16, 1),  -- Huong Pagoda (Morning)
(16, 2),  -- Huong Pagoda (Afternoon)
(16,3),  -- Huong Pagoda (Evening)
(17, 1),  -- Vietnam Military History Museum (Morning)
(17, 2),  -- Vietnam Military History Museum (Afternoon)
(18, 1),  -- Ng. 224 Lê Duẩn (Morning)
(18, 2),  -- Ng. 224 Lê Duẩn (Afternoon)
(19, 1),  -- Lotte Center Hà Nội (Morning)
(19, 2),  -- Lotte Center Hà Nội (Afternoon)
(19,3),  -- Lotte Center Hà Nội (Evening)
(20, 1),  -- Vietnam National Fine Arts Museum (Morning)
(20, 2),  -- Vietnam National Fine Arts Museum (Afternoon)
(21, 3),  -- Quảng Bá Flower Market (Morning)
(22, 1),  -- Trúc Bạch Lake (Morning)
(22, 2),  -- Trúc Bạch Lake (Afternoon)
(22,3),  -- Trúc Bạch Lake (Evening)
(23, 1);  -- Bach Ma Temple (Morning)